S_STATIONID,S_STATIONNAME,S_DIST,S_XIANGZHEN,RAINFALL,DURATION,FREQU
SW63439047,塘桥,浦东新区,塘桥街道,709.5,265.0,112
SW63439048,周家渡,浦东新区,北蔡镇,619.5,279.0,116
SW63439051,万亩良田,浦东新区,老港镇,444.0,231.0,93
SW63439052,三门闸,浦东新区,老港镇,487.5,252.0,104
SW63439060,赵谢圩,青浦区,赵巷镇,529.5,260.0,106
SW63439061,前明圩,青浦区,徐泾镇,557.0,251.0,98
SW63439065,重联圩,青浦区,重固镇,587.0,258.0,107
SW63439067,天心圩,<Null>,朱家角镇,515.0,262.0,113
SW63439068,葑沃圩,<Null>,朱家角镇,466.0,255.0,113
SW63439072,港南圩,<Null>,金泽镇,486.0,230.0,97
SW63439074,夏阳片圩,青浦区,夏阳街道,522.0,246.0,104
SW63439078,西北圩,青浦区,盈浦街道,529.0,260.0,97
SW63439079,天马赛车场,松江区,佘山镇,489.0,270.0,108
SW63439082,四号河闸,松江区,小昆山镇,529.0,265.0,101
SW63439085,任其浜闸,松江区,佘山镇,490.0,277.0,120
PS000157,SB泵站,浦东新区,三林镇,590.6000016927719,290.0,104
PS000174,吴闵2#,闵行区,古美街道,557.2000009864569,211.0,81
PS000176,吴闵4#,闵行区,梅陇镇,726.6999984234571,347.0,115
PS000200,新昌平,静安区,石门二路街道,805.0000047832727,300.0,110
PS000234,新肇嘉浜,徐汇区,斜土路街道,748.8999992311001,305.0,99
PS000235,交通南,普陀区,万里街道,700.9000003188848,302.0,104
PS000237,新铁力,宝山区,杨行镇,752.0000030845404,322.0,117
PS000239,新沪太,宝山区,大场镇,701.1000059843063,306.0,112
PS000245,南干线1#(南),浦东新区,上钢新村街道,440.0999998450279,190.0,61
PS000251,龙柏,闵行区,虹桥镇,588.4000009745359,313.0,103
PS000252,杨行,宝山区,杨行镇,794.4000049680471,324.0,109
PS000255,永和北,闸北区,彭浦镇,696.2000001519918,305.0,111
PS000260,浦东北路,浦东新区,高行镇,618.6000031530857,274.0,102
PS000288,凇南,宝山区,淞南镇,781.1000004708767,292.0,118
PS000300,新江湾城1#,杨浦区,新江湾城街道,677.3000026792288,329.0,116
PS000304,文庙,黄浦区,小东门街道,814.6000023335218,302.0,116
PS000314,芙蓉江,长宁区,周家桥街道,712.4000038951635,294.0,104
PS000328,岚皋南(雨),普陀区,万里街道,694.7000040411949,323.0,120
PS000329,罗秀,徐汇区,长桥街道,790.7999980002642,343.0,104
PS000330,沪东1#,浦东新区,浦兴路街道,637.8000036031008,289.0,97
PS000335,虹桥枢纽1#,闵行区,新虹街道,731.2000026553869,309.0,108
PS000337,虹桥枢纽3#,闵行区,新虹街道,875.3000016510487,322.0,113
PS000338,真江东,嘉定区,长征镇,671.3999996334314,293.0,100
PS000381,金海,浦东新区,曹路镇,481.2000025063753,233.0,84
SW60117560,共青圩,无,无,349.5,166.0,70
SW62701400,新建,崇明县,绿化镇,460.0,191.0,97
SW62701500,堡镇,崇明县,堡镇镇,684.0,248.0,103
SW62701520,长兴创建北,无,无,605.0,213.0,91
SW62701530,长兴西小洪,无,无,555.0,213.0,98
SW62701600,横沙民星,崇明县,横沙乡,472.5,226.0,83
SW62724635,崇明南门,崇明县,城桥镇,675.5,217.0,102
SW62724645,崇明新城,崇明县,城桥镇,709.0,220.0,103
SW62724660,陈家镇新城,崇明县,陈家镇,499.5,213.0,96
SW63401900,张堰（二）,金山区,张堰镇,654.5,296.0,116
SW63402390,马家宅,金山区,廊下镇,789.5,285.0,114
SW63402450,蒋古渡,金山区,吕巷镇,642.5,267.0,100
SW63402910,东团,青浦区,练塘镇,533.5,274.0,103
SW63403100,泖甸,青浦区,练塘镇,411.0,213.0,108
SW63403120,莲盛,青浦区,金泽镇,483.5,233.0,97
SW63403140,华田泾（闸外）,松江区,小昆山镇,503.5,274.0,114
SW63403800,商榻,青浦区,金泽镇,452.0,234.0,97
SW63404000,青浦南门,青浦区,夏阳街道,499.0,256.0,104
SW63404030,夏阳湖,青浦区,夏阳街道,527.5,248.0,103
SW63404050,朱家角,青浦区,朱家角镇,485.0,254.0,101
SW63404480,南横泾闸（闸内）,奉贤区,西渡街道,482.0,222.0,97
SW63404575,张江水厂,浦东新区,张江镇,716.0,294.0,118
SW63404590,五号沟闸（闸内）,浦东新区,曹路镇,610.0,263.0,105
SW63404600,大团闸（闸外）,浦东新区,大团镇,544.5,268.0,108
SW63404630,四团,奉贤区,四团镇,517.0,252.0,113
SW63404700,虹桥新桥,闵行区,虹桥镇,626.0,256.0,103
SW63404760,大武川泵站,杨浦区,五角场街道,603.0,237.0,102
SW63404805,滴水湖闸（闸内）,浦东新区,南汇新城镇,482.0,230.0,107
SW63404810,芦潮港闸（闸内）,浦东新区,南汇新城镇,432.0,244.0,96
SW63404845,万祥,浦东新区,万祥镇,472.5,260.0,114
SW63404855,惠南,浦东新区,惠南镇,463.5,266.0,109
SW63404890,六灶,浦东新区,川沙新镇,513.0,268.0,107
SW63404908,东新市,无,无,469.5,248.0,105
SW63404910,沔北,浦东新区,张江镇,638.5,268.0,109
SW63404925,北蔡,浦东新区,花木街道,781.5,310.0,125
SW63404972,高东,浦东新区,高东镇,622.5,263.0,104
SW63404985,高桥公园,浦东新区,高桥镇,639.5,285.0,120
SW63405000,赵屯,青浦区,白鹤镇,571.0,193.0,89
SW63405200,曹家渡,长宁区,长风新村街道,730.0,260.0,101
SW63405460,罗店,宝山区,罗店镇,760.5,226.0,103
SW63405505,蕴藻浜西闸（闸外）,嘉定区,安亭镇,692.0,250.0,101
SW63405700,吴淞（蕴）,宝山区,吴淞街道,440.5,127.0,77
SW63405800,芦潮港,浦东新区,芦潮港镇,451.5,252.0,108
SW63422080,新浜工业区,松江区,新浜镇,539.0,270.0,120
SW63423410,莘庄工业区,闵行区,莘庄工业区,533.5,268.0,112
SW63424215,金杨新村,无,无,571.5,252.0,104
SW63424250,世博园区,浦东新区,南码头路,612.0,292.0,122
SW63424630,曹王,嘉定区,徐行镇,626.0,215.0,90
SW63424640,大裕,嘉定区,马陆镇,644.5,235.0,104
SW63424750,嘉定新城,嘉定区,菊园街道,762.5,250.0,103
SW63425235,上海火车站,闸北区,天目西路街道,651.0,241.0,98
SW63425238,枫林路街道,无,无,743.0,242.0,94
SW63425246,四平路街道,无,无,654.5,258.0,104
SW63425251,徐家汇,徐汇区,徐家汇街道,666.0,243.0,86
SW63425255,中山公园,长宁区,江苏路街道,738.0,259.0,96
SW63425268,石泉路街道,无,无,613.5,253.0,99
SW63425288,南京西路街道,无,无,712.5,260.0,95
SW63425292,宝山路街道,无,无,656.5,249.0,101
SW63425310,人民广场,黄浦区,南京东路街道,673.0,267.0,100
SW63425336,临汾路街道,无,无,635.5,256.0,116
SW63425920,陈行,宝山区,罗泾镇,614.5,223.0,104
SW63425928,大华,无,无,651.0,279.0,105
SW63425940,月浦城区,宝山区,月浦镇,738.0,242.0,93
SW63425951,新石洞水闸,宝山区,友谊路街道,682.0,251.0,97
SW63439006,三星海桥,崇明县,三星镇,539.0,199.0,100
SW63439012,团结沙,<Null>,崇明东滩,416.5,190.0,79
SW63439019,东平镇,崇明县,东平镇,616.5,236.0,103
SW63439021,胡桥,奉贤区,柘林镇,590.0,255.0,113
SW63439023,塘外,奉贤区,奉城镇,495.5,247.0,107
SW63439026,平安,奉贤区,四团镇,466.5,237.0,103
SW63439030,南桥新城,奉贤区,南桥镇,556.5,256.0,107
SW63439031,庄行,奉贤区,庄行镇,543.5,249.0,100
SW63439036,墅沟闸（闸外）,江苏省,江苏太仓,644.5,199.0,88
SW63439042,廊下,金山区,廊下镇,631.0,283.0,107
SW63439043,金山新城,金山区,山阳镇,617.0,269.0,114
SW63439045,北沙港闸（闸内）,闵行区,马桥镇,578.0,258.0,100
SW63439046,高行,浦东新区,高东镇,625.0,265.0,109
SW63439049,盐仓,浦东新区,祝桥镇,408.0,234.0,97
SW63439055,迪士尼,浦东新区,川沙新镇,518.0,236.0,99
SW63406000,上海化工,<Null>,漕泾镇,467.0,216.0,96
SW63422380,金山卫,金山区,金山卫镇,605.5,285.0,100
SW63423570,钱桥社区,奉贤区,青村镇,500.5,231.0,102
SW63425245,和平公园,虹口区,嘉兴路街,716.5,257.0,103
SW63425258,江浦路街道,无,无,634.5,247.0,98
SW63425262,平凉路街道,无,无,613.0,225.0,97
SW63425285,上海动物园,长宁区,新泾镇,644.5,257.0,92
SW63425326,大宁路街道,无,无,643.5,241.0,104
SW63425620,曹丰泵站,无,无,676.5,270.0,105
SW63439080,北干山,松江区,佘山镇,475.0,268.0,98
SW63439083,泖亭路泵站,松江区,车墩镇,599.5,284.0,111
SW63439090,南浦大桥,<Null>,小东门街道,666.0,261.0,112
PS000377,真武,无,无,692.0999971032143,316.0,114
SW63439071,太北片圩,青浦区,练塘镇,450.0,240.0,102
SW63439073,东北圩,<Null>,金泽镇,264.5,144.0,65
PS000177,吴闵支线1#,闵行区,江川路街道,633.9000023305416,299.0,113
PS000223,沪东2#,长宁区,华阳路街道,686.0000009685755,292.0,102
PS000247,南干线4#(南),浦东新区,张江镇,,,
PS000039,民晏,虹口区,广中路街道,731.7000025361776,292.0,111
PS000057,汉阳,虹口区,北外滩街道,716.3999969959259,293.0,115
PS000063,武进,虹口区,四川北路街道,788.4000024050474,280.0,101
PS000067,曲阳,虹口区,欧阳路街道,730.9999975562096,260.0,86
PS000070,江湾西,虹口区,凉城新村街道,721.1000035405159,275.0,105
PS000075,嫩江,杨浦区,五角场镇,575.8000043928623,276.0,101
PS000094,宝钢,宝山区,友谊路街道,682.4000037312508,282.0,94
PS000100,海滨,宝山区,吴淞街道,762.3000009953976,291.0,109
PS000106,志丹,闸北区,彭浦镇,567.8000029474497,275.0,108
PS000108,临汾,闸北区,彭浦新村街道,651.0999996364117,291.0,109
PS000128,田林,徐汇区,田林街道,661.7000036090612,277.0,103
PS000134,微电子,徐汇区,虹梅路街道,470.70000217854977,262.0,100
PS000135,龙水南,徐汇区,龙华街道,419.69999969005585,183.0,69
PS000138,合川,闵行区,虹桥镇,623.3000019192696,299.0,119
PS000026,五角场,杨浦区,五角场街道,760.6999991238117,285.0,111
PS000073,三门,虹口区,江湾镇街道,618.3000007271767,292.0,111
PS000076,国顺东,杨浦区,五角场镇,747.4999960362911,282.0,95
PS000082,周塘浜,杨浦区,大桥街道,614.7000000029802,271.0,110
PS000085,霍山,杨浦区,平凉路街道,521.3000011593103,238.0,87
PS000086,松潘,杨浦区,大桥街道,543.8000008165836,236.0,84
PS000102,吴淞大桥,宝山区,吴淞街道,773.7000042200089,288.0,106
PS000104,老沪太,闸北区,共和新路街道,717.0999989062548,286.0,100
PS000124,红旗,闵行区,江川路街道,669.8999985009432,284.0,102
PS000146,东兰,闵行区,古美路街道,665.39999987185,356.0,111
PS000175,吴闵3#,徐汇区,吴泾镇,608.7999998927116,288.0,98
PS000192,三林1#,浦东新区,东明路街道,831.1999956518412,317.0,96
PS000238,永川,徐汇区,漕河泾街道,690.6999977082014,285.0,105
PS000293,葑村,宝山区,大场镇,618.0000004768372,294.0,102
PS000296,真南北,普陀区,桃浦镇,831.9999981373549,309.0,108
PS000312,华泾北,徐汇区,华泾镇,694.2000029236078,314.0,121
PS000318,虹桥枢纽4#,闵行区,新虹街道,735.9000048190355,309.0,112
PS000358,场中,闸北区,彭浦镇,657.6000004857779,282.0,108
PS000336,虹桥枢纽2#,闵行区,新虹街道,603.2000020742416,312.0,116
PS000142,乌鲁木齐,徐汇区,湖南路街道,772.5999989956617,304.0,89
PS000149,M2泵站,浦东新区,张江镇,700.3999972492456,281.0,104
PS000162,宝山5#,宝山区,月浦镇,691.4999974668026,236.0,86
PS000250,新蒲汇塘,徐汇区,田林街道,854.800001770258,311.0,109
PS000302,定边,嘉定区,真新街道,516.1000037044287,257.0,92
PS000012,华阳,浦东新区,华阳路街道,776.799997150898,297.0,106
PS000015,曹家巷(污),普陀区,长风新村街道,763.0000042468309,295.0,109
PS000056,泸定,长宁区,长风新村街道,736.600000500679,308.0,119
PS000072,广中,虹口区,广中路街道,684.8000003993511,294.0,104
PS000087,鞍山,杨浦区,四平路街道,749.2000035643578,272.0,98
PS000095,宝杨,宝山区,友谊路街道,738.8000033348799,306.0,113
PS000114,曹杨,普陀区,长风新村街道,562.4000024050474,273.0,97
PS000119,宛平,徐汇区,斜土路街道,372.19999730587006,142.0,59
PS000123,景东,闵行区,吴泾镇,317.4000013321638,181.0,66
PS000125,延安西,长宁区,程家桥街道,704.7999986559153,320.0,103
PS000033,宜川西,普陀区,宜川路街道,740.200005620718,298.0,105
PS000046,新客站(污),闸北区,天目西路街道,824.6000002026558,317.0,115
PS000058,大名,虹口区,提篮桥街道,794.5000014454126,284.0,109
PS000115,真西,普陀区,长征镇,635.2999982535839,277.0,96
PS000122,兰坪,闵行区,江川路街道,595.0999996215105,281.0,98
PS000156,SA泵站,浦东新区,上钢新村街道,728.200003400445,289.0,105
PS000196,鲁班,黄浦区,五里桥街道,813.4999984055758,275.0,103
PS000243,平阳,闵行区,古美路街道,658.9000000357628,301.0,111
PS000256,北虹南,长宁区,新泾镇,682.3000044673681,296.0,102
PS000298,大场,宝山区,大场镇,723.7999998927116,314.0,110
PS000317,虹南,闵行区,虹桥镇,687.80000205338,289.0,103
PS000334,东方,浦东新区,陆家嘴街道,720.7999994754791,297.0,114
PS000030,彭江,虹口区,大宁路街道,759.100000679493,307.0,114
PS000062,虹镇,虹口区,嘉兴路街道,718.7000013589859,280.0,92
PS000071,东体,虹口区,曲阳路街道,713.3000012934208,276.0,102
PS000118,小木桥,徐汇区,斜土路街道,750.3999989926815,295.0,118
PS000136,康健,徐汇区,康健新村街道,519.1000003218651,245.0,89
PS000209,南新,浦东新区,北蔡镇,909.6000010073185,334.0,118
PS000224,严桥1#,浦东新区,花木街道,805.0999970883131,285.0,96
PS000244,平吉,闵行区,古美路街道,701.2000002563,295.0,110
PS000270,华昌,虹口区,广中路街道,740.000002861023,275.0,99
PS000310,苗圃西,长宁区,新泾镇,799.2000031918287,296.0,111
PS000322,A站,闵行区,华漕镇,726.5000012814999,420.0,106
PS000006,西藏北,黄浦区,北站街道,687.4999998211861,297.0,109
PS000048,真如港,普陀区,宜川路街道,708.8999991863966,295.0,104
PS000051,绿化,长宁区,程家桥街道,755.0999998599291,316.0,115
PS000120,景谷,闵行区,江川路街道,587.199998036027,344.0,109
PS000130,梅陇,徐汇区,凌云路街道,632.3999958634377,311.0,123
PS000141,龙华西,徐汇区,龙华街道,756.0000018328428,248.0,83
PS000178,吴闵支线2#,闵行区,江川路街道,589.5000002831221,299.0,102
PS000228,莲花,闵行区,古美路街道,737.6000020503998,327.0,117
PS000246,南干线3#(南),浦东新区,花木街道,842.6999965012074,315.0,119
PS000249,南干线6#(南),浦东新区,合庆镇,640.200004145503,278.0,101
PS000253,杨泰,宝山区,杨行镇,708.1999984532595,330.0,113
PS000295,铜川(雨),普陀区,真如镇街道,606.5000060349703,267.0,88
PS000325,D站,闵行区,梅陇镇,700.8000011742115,322.0,117
PS000369,藻浜,宝山区,庙行镇,735.2000011652708,309.0,115
PS000037,武宁,普陀区,长寿路街道,750.9000057727098,270.0,102
PS000049,大武川,杨浦区,五角场街道,730.0999999344349,295.0,115
PS000091,双阳,杨浦区,延吉新村街道,730.2000024616718,289.0,95
PS000092,长白,杨浦区,长白新村街道,748.4000037014484,274.0,101
PS000139,陆家浜,黄浦区,小东门街道,782.0000008642673,283.0,102
PS000241,宝杨西,宝山区,杨行镇,578.4999983757734,230.0,86
PS000248,南干线5#(南),浦东新区,唐镇,682.9999994784594,293.0,105
PS000299,真大,宝山区,大场镇,735.1000030785799,310.0,120
PS000324,C站,闵行区,七宝镇,672.0000027865171,287.0,111
PS000327,桃浦新村,普陀区,桃浦镇,713.2000007033348,305.0,103
PS000342,大黄,宝山区,杨行镇,795.9999994933605,332.0,114
PS000350,M1,浦东新区,花木街道,703.2000013738871,300.0,109
PS000355,延安东,黄浦区,小东门街道,760.3000035583973,298.0,109
PS000020,中原,杨浦区,殷行街道,709.2000021636486,287.0,109
PS000032,国和,杨浦区,五角场镇,667.5999959409237,292.0,112
PS000054,剑河,长宁区,北新泾街道,692.7000042498112,295.0,105
PS000069,江湾东,虹口区,江湾镇街道,738.8999993652105,285.0,109
PS000077,水产,杨浦区,定海路街道,560.1999990344048,228.0,82
PS000088,新昆明,杨浦区,江浦路街道,729.8999952226877,282.0,100
PS000093,泗塘,宝山区,张庙街道,686.5000019520521,272.0,101
PS000098,盘古,宝山区,杨行镇,658.0999989956617,279.0,94
PS000143,徐浦大桥,徐汇区,华泾镇,699.600000038743,303.0,111
PS000221,德州,浦东新区,周家渡街道,589.5000011771917,228.0,89
PS000286,江杨南,宝山区,淞南镇,709.199998036027,306.0,118
PS000287,民主(雨),宝山区,张庙街道,733.7000007927418,219.0,91
PS000292,上海大学,宝山区,大场镇,703.8999988138676,302.0,112
PS000382,新雅,浦东新区,唐镇,575.3000023812056,282.0,93
SW62701620,横沙新民,无,无,487.0,234.0,96
SW63401100,米市渡,松江区,车墩镇,653.5,274.0,108
SW63402480,南庄,无,无,528.5,271.0,117
SW63403750,淀山湖,青浦区,朱家角镇,435.5,239.0,89
SW63404360,九亭北,无,无,624.0,260.0,112
SW63405470,墅沟闸（闸内）,江苏省,江苏浏河境内,657.5,215.0,97
SW63405900,金山嘴,<Null>,山阳镇,557.5,243.0,103
SW63424610,泾河,嘉定区,徐行镇,262.5,108.0,45
SW63425270,北虹路地道,长宁区,虹桥街道,668.0,245.0,96
SW63439039,钱圩,金山区,金山卫镇,613.0,297.0,109
SW63439056,双桥,青浦区,盈浦街道,535.0,252.0,107
SW63404720,长白泵站,杨浦区,长白新村街道,616.5,243.0,95
SW63404960,唐镇北,浦东新区,唐镇,622.0,279.0,112
SW63423440,新虹,闵行区,新虹街道,572.5,258.0,102
SW63424670,新成路街道,无,无,669.5,222.0,108
SW63425660,真新路街道,无,无,556.0,263.0,109
SW63439007,庙镇永乐,崇明县,庙镇镇,572.5,206.0,96
SW63439011,中兴永南,崇明县,中兴镇,530.5,207.0,87
SW63439016,圆沙泵闸（闸内）,<Null>,长兴镇,498.5,234.0,93
SW63439081,泗马塘闸,松江区,新桥镇,558.0,257.0,113
SW63439092,国和泵站,杨浦区,五角场镇,616.5,244.0,93
SW63404210,纪王闸（闸内）,闵行区,华漕镇,255.0,95.0,46
SW63404550,邬家路桥,浦东新区,惠南镇,520.5,270.0,114
SW63404895,周浦医药园区,浦东新区,周浦镇,621.0,286.0,121
SW63404990,凌桥,浦东新区,高桥镇,610.5,262.0,99
SW62701460,陈家镇朝阳,崇明县,陈家镇,484.5,214.0,91
SW62724610,堡镇港北闸（闸内）,崇明县,垦区,694.0,228.0,97
SW63424902,浦东机场,浦东新区,川沙镇,444.0,226.0,91
SW62724625,牛棚港,崇明县,新海镇,558.0,226.0,103
SW63404530,金汇港南闸（闸内）,奉贤区,海湾镇,513.0,232.0,102
SW63404930,白莲泾套闸（闸内）,浦东新区,南码头街道,661.0,290.0,120
SW63405279,温州路,黄浦区,南京东路街道,693.0,266.0,106
SW63423460,老北翟路泵站,闵行区,新虹街道,604.0,251.0,96
SW63425865,东茭泾闸（闸内）,无,无,595.5,258.0,105
SW63439009,新河卫东,崇明县,新河镇,680.0,221.0,95
SW63439035,华亭水库,嘉定区,华亭镇,589.5,207.0,94
SW62724650,庙镇庙中,崇明县,庙镇镇,619.0,237.0,106
SW63404200,泗泾（二）,松江区,泗泾镇,558.0,267.0,107
SW63404557,航头,浦东新区,航头镇,474.5,282.0,111
SW63404835,彭镇,浦东新区,泥城镇,468.0,259.0,104
SW63422045,颐亭花园,无,无,599.5,265.0,105
SW63424650,盐铁北闸,嘉定区,外岗镇,681.5,240.0,103
SW63425225,上海西站,普陀区,长征镇,630.0,244.0,86
SW63439087,凉城新村,虹口区,凉城新村街道,693.5,251.0,100
PS000242,宝钢3#,宝山区,月浦镇,722.3000007271767,257.0,88
SW62701710,高桥（二）,<Null>,高桥镇,648.5,279.0,115
SW63403190,练塘,青浦区,练塘镇,512.5,271.0,110
SW63404500,南桥,奉贤区,南桥镇,580.0,247.0,107
SW63404595,周浦,浦东新区,周浦镇,747.5,308.0,130
SW63404750,新泾水闸（闸内）,长宁区,新泾镇,627.5,259.0,106
SW63404850,老港,浦东新区,老港镇,534.0,269.0,108
SW63404865,朝阳农场,浦东新区,祝桥镇,463.0,257.0,111
SW63404885,石家宅,浦东新区,祝桥镇,474.5,242.0,101
SW63404902,奉城,奉贤区,奉城镇,508.5,260.0,105
SW63404905,川沙城厢,浦东新区,川沙镇,612.5,273.0,117
SW63405300,望新,嘉定区,外岗镇,647.5,226.0,98
SW63422360,漕泾城区,金山区,漕泾镇,648.0,261.0,107
SW63425232,打浦桥街道,无,无,736.0,260.0,103
SW63439033,横沥泵闸（闸内）,嘉定区,南翔镇,619.5,259.0,109
SW63404280,旗忠,无,无,539.5,266.0,114
SW63404460,柘林,奉贤区,柘林镇,550.5,242.0,92
SW63404562,大治河西闸（闸内）,闵行区,浦江镇,597.0,293.0,109
SW63404565,杜行,闵行区,浦江镇,671.5,284.0,118
SW63404815,五七农场,浦东新区,泥城镇,473.5,254.0,104
SW63404870,三灶,浦东新区,宣城镇,521.5,274.0,111
SW63405480,嘉定南门,嘉定区,菊园街道,667.5,220.0,103
SW63422135,高梁泾泵站,无,无,445.0,248.0,94
SW63425320,闸北公园,闸北区,共和新路街道,642.0,242.0,96
SW63439002,美兰湖,宝山区,罗店镇,747.0,230.0,106
SW63439003,菊泉泵站,宝山区,顾村镇,703.0,261.0,103
SW63439013,崇明东滩,<Null>,崇明东滩,461.5,206.0,78
SW63439014,港西中学,崇明县,港西镇,615.0,219.0,99
SW63439015,创建港水闸（闸内）,崇明县,长兴镇,644.0,224.0,97
SW63439022,星火,奉贤区,海湾镇,477.5,238.0,97
SW62701410,新海镇,崇明县,新海镇,613.0,211.0,99
SW62701560,长兴跃进港,无,无,525.5,232.0,97
SW62701640,横沙兴隆,无,无,483.5,231.0,93
SW62701650,九段沙,浦东新区,川沙镇,346.5,199.0,87
SW63402300,洙泾,金山区,朱泾镇,552.5,251.0,103
SW63439004,东浅弄闸,宝山区,杨行镇,667.0,240.0,109
SW63439017,港沿镇,崇明县,港沿镇,644.0,245.0,106
SW63439037,松隐,金山区,亭林镇,583.5,263.0,106
SW62701405,永隆沙,崇明县,垦区,546.5,211.0,91
SW62701450,光明桥,崇明县,堡镇镇,650.0,225.0,96
SW62701550,马家港,崇明县,长兴镇,495.5,238.0,93
SW63401120,松浦大桥,松江区,车墩镇,592.0,270.0,109
SW63402500,枫围,金山区,枫泾镇,529.5,285.0,106
SW63402600,三角渡,松江区,泖港镇,543.5,258.0,103
SW63404270,女儿泾闸（闸内）,松江区,马桥镇,549.0,272.0,108
SW63401750,吴淞口,宝山区,吴淞街道,633.0,262.0,108
SW63404240,洞泾港闸（内）,无,无,675.0,273.0,105
SW63404820,申港,浦东新区,南汇新城镇,473.5,247.0,107
SW63405490,蕴藻浜东闸（闸内）,宝山区,顾村镇,627.0,243.0,99
SW63422460,朱行工业区,金山区,亭林镇,559.0,275.0,112
SW63423450,古美,闵行区,古美路街道,595.0,276.0,107
SW63424200,洋泾闸（闸内）,浦东新区,洋泾街道,372.5,190.0,70
SW63439038,张堰城区,金山区,张堰镇,622.0,260.0,108
SW62701420,南鸽龙,崇明县,庙镇镇,599.0,207.0,96
SW63402950,河祝,青浦区,金泽镇,458.5,249.0,107
SW63403160,油墩港闸（闸内）,松江区,石湖荡镇,605.0,277.0,112
SW63404100,陈坊桥,松江区,佘山镇,487.5,270.0,111
SW63404740,抚顺路桥,杨浦区,四平路街道,618.5,264.0,103
SW63404770,江湾,虹口区,江湾镇街道,713.5,268.0,115
SW63404955,大湾,浦东新区,唐镇,608.5,258.0,106
SW63405150,北新泾,长宁区,北新泾街道,586.0,266.0,100
SW63405370,嘉北水厂,无,无,676.5,224.0,99
SW63405450,练祁,宝山区,月浦镇,720.0,239.0,93
SW63422055,久富工业区,松江区,九亭镇,598.0,265.0,104
SW63422085,洞泾工业区,松江区,洞泾镇,553.5,298.0,122
SW63422420,山阳,金山区,山阳镇,636.0,271.0,108
SW63422480,兴塔,金山区,枫泾镇,600.0,264.0,101
SW63423430,七宝,闵行区,七宝镇,586.0,261.0,105
SW63424660,新槎浦闸,嘉定区,江桥镇,671.0,259.0,94
SW63424720,南翔,嘉定区,南翔镇,602.0,267.0,106
SW63425910,高镜二村,宝山区,高境镇,662.0,260.0,100
SW63404540,大治河东闸（闸内）,浦东新区,老港镇,397.0,247.0,109
SW63404966,金桥,浦东新区,金桥镇,703.0,268.0,101
SW63405260,梦清园,普陀区,长寿路街道,660.5,263.0,106
SW63422070,岳阳,松江区,岳阳街道,645.0,275.0,112
SW63425248,江宁路街道,无,无,656.0,245.0,96
SW63425280,龙华,徐汇区,龙华街道,700.5,245.0,95
SW63425298,芷江西路街道,无,无,667.5,251.0,98
SW63439025,邵厂,奉贤区,四团镇,466.0,256.0,110
SW63439028,金汇,奉贤区,金汇镇,535.0,270.0,106
SW63439086,泗泾大居,松江区,泗泾镇,500.5,263.0,108
SW63439088,虎林公园,宝山区,张庙街道,682.5,258.0,110
SW63404300,淀浦河东闸（闸外）,闵行区,莘庄镇,571.0,278.0,120
SW63404400,沙港（二）,闵行区,庄行镇,569.0,262.0,96
SW63404450,邬桥社区,奉贤区,庄行镇,527.5,254.0,100
SW63404830,书院,浦东新区,书院镇,499.0,230.0,105
SW63422065,大学城,松江区,广富林街道,532.0,268.0,106
SW63423420,行南,闵行区,梅陇镇,615.0,276.0,109
SW62701402,崇西闸,崇明县,绿化镇,537.0,220.0,107
SW62701425,北鸽龙,江苏省,垦区,513.0,209.0,101
SW62701540,长兴十年圩,无,无,521.5,237.0,100
SW62724641,向化镇,崇明县,向化镇,601.0,240.0,97
SW63401500,黄浦公园,黄浦区,外滩街道,651.0,243.0,94
SW63402200,泖港,松江区,泖港镇,614.0,263.0,105
SW63439001,宝山工业园,宝山区,罗泾镇,739.5,222.0,100
SW63439018,东风西沙水库,<Null>,东风西沙,425.0,209.0,99
SW63425260,复兴公园,黄浦区,瑞金二路街道,697.5,252.0,98
SW63425315,桃浦工业区,普陀区,桃浦镇,648.5,247.0,93
SW62701455,农业园区,崇明县,中兴镇,602.0,220.0,92
SW63404730,三江路桥,徐汇区,漕河泾街道,707.5,244.0,98
SW63404875,坦直,浦东新区,新场镇,495.5,292.0,120
SW63404915,三林,浦东新区,东明路街道,720.0,294.0,107
SW63423480,江川,闵行区,江川路街道,522.5,275.0,99
SW63425120,北桥,闵行区,颛桥镇,549.0,278.0,108
SW63425450,上钢街道,无,无,666.5,276.0,110
SW63425935,杨行城区,宝山区,杨行镇,653.5,250.0,111
SW63425938,杨行杨北,无,无,751.5,273.0,113
SW63439010,港沿合兴,崇明县,港沿镇,660.0,221.0,99
SW63439034,月华江泵闸,嘉定区,江桥镇,656.0,261.0,104
SW63439053,商飞总装,浦东新区,祝桥镇,465.5,244.0,104
SW62701430,港西团结,崇明县,港西镇,632.5,214.0,103
SW62701435,新河金桥,崇明县,新河镇,726.5,224.0,101
SW63404840,棉场,浦东新区,书院镇,482.0,238.0,105
SW63404880,下沙,浦东新区,航头镇,611.0,296.0,118
SW63404935,白莲泾泵闸（闸外）,浦东新区,周家渡街道,705.5,283.0,115
SW63425290,徐浦大桥,浦东新区,华泾镇,664.5,270.0,110
SW63439029,头桥,奉贤区,奉城镇,482.0,231.0,107
SW63422090,西部工业区,松江区,佘山镇,481.0,246.0,101
SW63425272,曹家渡街道,无,无,725.0,261.0,97
SW63439040,新农,金山区,朱泾镇,566.5,264.0,92
SW63439059,小汶港闸,青浦区,金泽镇,467.0,244.0,105
SW63439064,庙泾闸,青浦区,重固镇,478.0,202.0,85
SW63439077,加工区圩,<Null>,香花桥街道,564.5,231.0,100
SW63439095,国家会展中心,无,无,628.5,253.0,109
SW63404251,淀浦河西闸（闸外）,青浦区,朱家角镇,493.0,246.0,95
SW63439062,集镇圩,青浦区,华新镇,648.5,253.0,106
SW63402920,蒸淀,青浦区,练塘镇,481.5,249.0,109
SW63403180,东风港闸,青浦区,华新镇,565.5,251.0,101
SW63404020,大盈,青浦区,香花桥街道,614.0,253.0,111
SW63404520,金汇港北闸（闸内）,奉贤区,西渡街道,611.0,281.0,106
SW63423565,浦锦,无,无,578.5,265.0,114
SW63439057,徐泾闸,青浦区,徐泾镇,589.5,260.0,111
SW63439069,朱枫闸,青浦区,练塘镇,506.0,262.0,104
SW63425930,淞南四村,宝山区,淞南镇,701.0,272.0,116
SW63439058,朱泖河闸,青浦区,朱家角镇,490.0,259.0,99
SW63439075,胜利圩,青浦区,香花桥街道,528.0,241.0,115
SW63403170,东大盈闸（闸内）,嘉定区,白鹤镇,579.5,239.0,99
SW63404010,镇南圩,青浦区,赵巷镇,509.0,238.0,115
SW63404120,南蟠龙港闸,松江区,徐泾镇,599.0,268.0,114
SW63423475,六磊塘水闸,无,无,583.0,276.0,105
SW63403200,金泽,青浦区,金泽镇,486.0,236.0,100
SW63439063,叙中圩,青浦区,华新镇,545.5,240.0,107
SW63439066,江平圩,青浦区,白鹤镇,591.0,235.0,95
SW63404060,凤溪,无,无,541.0,237.0,103
SW63439020,新寺,奉贤区,柘林镇,522.0,233.0,95
SW63439070,太南片圩,青浦区,练塘镇,469.5,252.0,106
SW63439076,河东北圩,<Null>,香花桥街道,601.0,239.0,103
SW62701415,草棚镇,崇明县,三星镇,529.0,220.0,100
SW62724655,建设虹桥,崇明县,建设镇,745.0,243.0,112
SW63404650,中港闸（闸内）,奉贤区,海湾镇,527.0,251.0,105
SW63404898,康桥,浦东新区,康桥镇,719.5,285.0,122
SW63405100,黄渡,嘉定区,安亭镇,670.5,260.0,104
SW63422440,干巷,金山区,吕巷镇,546.5,281.0,112
SW63423600,青村,奉贤区,青村镇,487.5,264.0,103
SW63424220,陆家嘴,浦东新区,陆家嘴街道,722.0,274.0,99
SW63425905,丰明,宝山区,大场镇,676.5,267.0,100
SW63439089,上海南站,<Null>,漕河泾街道,694.5,266.0,105
SW63439098,奉浦,无,无,570.5,249.0,105
SW63422060,东部工业区,松江区,新桥镇,556.0,267.0,115
SW63422075,永丰,松江区,永丰街道,543.0,260.0,106
SW63424210,曹路,浦东新区,曹路镇,577.0,260.0,97
SW63424741,华亭,嘉定区,华亭镇,688.0,222.0,98
SW63425230,杨树浦泵站,杨浦区,大桥街道,627.5,253.0,90
SW63425700,祝桥,浦东新区,祝桥镇,451.0,251.0,109
SW63439005,城市工业园,宝山区,大场镇,601.5,255.0,99
SW63439024,洪庙,奉贤区,奉城镇,498.0,244.0,102
SW63439044,周浦塘闸（闸内）,闵行区,浦锦街道,741.5,281.0,114
SW63439050,东滩,浦东新区,书院镇,499.0,245.0,104
SW63404582,杨思闸（闸外）,浦东新区,三林镇,683.5,268.0,105
SW63404950,张家浜东闸（闸内）,浦东新区,合庆镇,564.0,263.0,100
SW63404963,世纪公园,浦东新区,花木街道,684.0,295.0,107
SW63405455,顾村,无,无,702.5,267.0,107
SW63425000,横沥闸,嘉定区,徐行镇,692.5,221.0,101
SW63425220,外滩,黄浦区,外滩街道,674.0,242.0,90
SW63425226,豫园街道,无,无,677.5,270.0,101
SW63439027,齐贤,奉贤区,金汇镇,551.0,246.0,110
SW63404710,志丹泵站,闸北区,彭浦镇,562.0,260.0,104
SW63404920,三林港闸（闸内）,浦东新区,三林镇,647.0,283.0,116
SW63423640,泰日,奉贤区,金汇镇,451.0,252.0,101
SW63424225,潍坊新村,无,无,631.0,256.0,98
SW63439032,南门港闸,奉贤区,海湾镇,,,
SW62701445,大新镇,崇明县,竖新镇,681.0,204.0,89
SW63404970,赵桥,浦东新区,曹路镇,613.5,257.0,102
SW63439008,前卫村,崇明县,垦区,641.0,217.0,102
SW63439041,皓光,金山区,朱泾镇,638.5,272.0,106
SW62701635,横沙东海,无,无,458.5,230.0,91
SW63404825,泥城,浦东新区,泥城镇,428.5,237.0,97
SW63404951,张家浜东闸（闸外）,浦东新区,合庆镇,,,
SW63404554,新场,浦东新区,新场镇,479.5,278.0,109
SW63424230,浦兴,浦东新区,浦兴路街道,665.5,253.0,92
SW63423470,宝秀路泵站,闵行区,吴泾镇,582.0,258.0,108
SW63439054,芦潮引河闸,浦东新区,南汇新城镇,440.0,220.0,97
SW63402700,夏字圩,松江区,石湖荡镇,588.0,263.0,114
SW63404975,东沟,浦东新区,沪东新村街道,573.5,229.0,98
SW63404570,三甲港闸（闸内）,浦东新区,合庆镇,528.0,268.0,109
SW63425275,江苏路,长宁区,江苏路街道,674.5,255.0,100
SW63425228,老西门街道,无,无,690.0,249.0,96
SW63425266,新华路街道,无,无,659.5,264.0,108
SW63425278,仙霞路街道,无,无,679.5,268.0,105
SW63439084,叶榭污水厂,松江区,叶榭镇,567.5,252.0,99
SW63425925,泗塘新村,宝山区,张庙街道,691.5,283.0,113
SW63422320,亭林,金山区,亭林镇,575.5,287.0,108
SW63404220,茸平路泵站,松江区,方松街道,587.5,275.0,107
PS000388,大定海,杨浦区,定海路街道,375.4000005722046,137.0,52
SW63424620,方泰,嘉定区,安亭镇,698.0,259.0,95
PS000117,场中,静安区,临汾路街道,433.90000189840794,150.0,56
PS000113,桃浦,普陀区,桃浦镇,280.0000005364418,132.0,44
PS000189,云岭西,普陀区,长风新村街道,332.9000004082918,146.0,48
PS000097,张华浜,宝山区,吴淞街道,358.39999824762344,150.0,50
PS000110,曹安线,普陀区,曹杨新村街道,296.8000012487173,136.0,46
PS000116,新村,普陀区,甘泉路街道,326.3000007867813,149.0,53
PS000126,长桥,徐汇区,长桥街道,193.1999999731779,115.0,45
PS000236,岚皋南(污),普陀区,万里街道,341.79999989271164,156.0,55
PS000112,石泉,普陀区,石泉路街道,302.7000013291836,133.0,49
PS000007,普善,静安区,天目西路街道,370.70000268518925,134.0,43
PS000028,武川,杨浦区,五角场街道,347.0999993085861,135.0,45
TH006002,三塔,浙江省,浙江嘉兴,416.0,225.0,89
TH001220,陈墓,江苏省,江苏苏州,429.0,252.0,100
QX098519,老港,浦东新区,老港镇,450.0000024586916,209.0,87
QX098808,马陆大裕村,嘉定区,马陆镇,483.599999576807,195.0,71
QX099636,襄阳公园,徐汇区,湖南路街道,760.5999957323074,269.0,90
QX099665,共青森林公园,杨浦区,殷行街道,552.0000007003546,252.0,89
QX098203,叶榭,松江区,叶榭镇,514.2000014930964,289.0,135
QX098007,新村中学,崇明县,新村乡,544.8000028133392,205.0,88
QX098108,朱行,金山区,亭林镇,450.00000271201134,236.0,89
QX098521,临港新城,浦东新区,南汇新桥镇,367.5000011175871,209.0,90
QX099633,人民公园,黄浦区,南京东路街道,614.3000036031008,273.0,102
QX098807,徐行劳动村,嘉定区,徐行镇,556.3000014871359,209.0,83
QX098619,防汛办,浦东新区,花木街道,534.799999922514,254.0,99
QX098600,张江,浦东新区,张江镇,681.799996688962,262.0,99
QX098217,佘山,松江区,佘山镇,293.39999958872795,214.0,82
QX098111,亭林,金山区,亭林镇,479.5000023394823,236.0,91
QX099627,新虹桥花园,长宁区,虹桥街道,550.6000006496906,239.0,90
QX099629,上海植物园,徐汇区,长桥街道,651.5999975353479,265.0,97
QX098014,向化,崇明县,向化镇,526.5000009834766,240.0,87
QX098903,海湾751,奉贤区,海湾镇,402.7000010460615,236.0,90
QX098605,孙桥,浦东新区,张江镇,597.7999988645315,268.0,99
QX098008,现代农业园区,崇明县,中兴镇,544.7000027000904,211.0,77
QX098112,松隐,金山区,亭林镇,450.6000043898821,247.0,103
QX099648,未来岛公园,普陀区,桃浦镇,666.1999973207712,260.0,90
QX0A5617,中海翡翠绿地,无,无,473.7999999076128,246.0,93
QX098500,六灶中学,浦东新区,六灶镇,448.499999538064,246.0,98
QX098211,九亭,松江区,九亭镇,418.29999969899654,237.0,92
QX098703,朱家角,青浦区,朱家角镇,445.9000011086464,261.0,91
QX098802,安亭,嘉定区,安亭镇,668.9000007808208,216.0,72
QX098805,真新,嘉定区,真新街道,562.0000014603138,251.0,86
QX099123,东滩湿地,<Null>,崇明东滩,254.40000005066395,188.0,72
QX098116,廊下,金山区,廊下镇,586.9000024646521,308.0,112
QX098210,五厍,松江区,泖港镇,505.8000026345253,244.0,96
QX098413,女儿泾水闸,闵行区,马桥镇,471.0000001043081,268.0,98
QX098604,金桥,浦东新区,金桥镇,516.5999983549118,238.0,89
TH001212,七浦闸,江苏省,江苏苏州,520.0,220.0,96
TH001207,常熟,江苏省,江苏苏州,563.0,241.0,98
TH005206,老石坎水库,<Null>,浙江湖州,594.5,293.0,117
TH001211,白茆闸,江苏省,江苏苏州,445.0,226.0,106
TH003101,小河新闸,<Null>,江苏常州,332.0,204.0,87
TH004308,谏壁水文站,<Null>,"江苏镇江
",396.0,192.0,91
TH001209,十一圩港闸,江苏省,江苏苏州,400.5,200.0,97
TH002302,白屈港,<Null>,江苏无锡,371.0,208.0,84
TH004302,丹阳,<Null>,"江苏镇江
",345.0,188.0,88
TH005201,夹浦,<Null>,浙江湖州,557.5,260.0,104
TH005205,赋石水库,<Null>,浙江湖州,615.5,285.0,101
TH006010,嘉善,浙江省,浙江嘉兴,405.0,238.0,95
TH006109,平湖,浙江省,浙江嘉兴,563.5,243.0,91
TH001216,胥口,<Null>,江苏苏州,438.0,238.0,99
TH002305,马镇,<Null>,江苏无锡,533.5,220.0,100
TH006112,桐乡,浙江省,浙江嘉兴,531.5,254.0,101
TH003207,大溪水库,<Null>,江苏常州,505.5,277.0,95
TH003303,九里铺,<Null>,江苏常州,439.5,230.0,113
TH003316,坊前站,<Null>,江苏常州,457.0,210.0,93
TH004303,旧县,<Null>,"江苏镇江
",419.5,193.0,94
TH006001,王江泾,浙江省,浙江嘉兴,409.5,222.0,95
TH006104,崇德,<Null>,浙江嘉兴,551.5,262.0,117
TH005208,范家村,<Null>,浙江湖州,507.5,249.0,112
TH006113,硖石,<Null>,浙江嘉兴,,,
TH005110,双林,<Null>,浙江湖州,483.0,242.0,106
TH005112,德清,<Null>,浙江湖州,602.5,247.0,103
TH001109,沙墩港,<Null>,江苏苏州,562.5,234.0,98
TH001208,张家港,江苏省,江苏苏州,376.5,189.0,94
TH001210,浒浦闸,江苏省,江苏苏州,520.5,220.0,106
TH003205,溧阳,<Null>,江苏常州,440.5,251.0,107
TH001110,枫桥,江苏省,江苏苏州,494.0,236.0,93
TH001112,西山,<Null>,江苏苏州,458.0,255.0,106
TH002304,北国,江苏省,江苏无锡,478.5,209.0,91
TH003206,沙河水库,<Null>,江苏常州,577.0,293.0,101
TH003302,王母观,<Null>,江苏常州,463.0,216.0,89
TH005009,杭长桥,<Null>,浙江湖州,617.0,232.0,91
TH003308,漕桥,<Null>,江苏常州,477.0,232.0,107
TH003315,金坛站,<Null>,江苏常州,440.0,221.0,94
TH004304,北山水库,<Null>,"江苏镇江
",268.0,176.0,81
TH005002,小梅口,<Null>,浙江湖州,517.0,247.0,99
TH006003,乌镇,浙江省,浙江嘉兴,350.0,237.0,92
TH003314,常州站,<Null>,江苏常州,458.5,206.0,97
TH004301,北固山,<Null>,"江苏镇江
",398.5,226.0,99
TH004305,句容,<Null>,"江苏镇江
",300.5,188.0,92
TH004306,赤山闸,<Null>,"江苏镇江
",104.0,36.0,19
TH004309,九曲河,<Null>,"江苏镇江
",326.5,211.0,94
TH005111,新市,<Null>,浙江湖州,556.0,237.0,93
TH005207,银坑,<Null>,浙江湖州,676.5,302.0,121
QX099666,杨浦公园,杨浦区,延吉新村街道,582.7999982982874,250.0,95
QX098002,长兴岛,崇明县,长兴乡,354.0000007301569,189.0,65
QX098114,钱圩,金山区,金山卫镇,423.80000057816505,241.0,82
QX098715,重固,青浦区,香花桥街道,566.1000000089407,257.0,100
QX098716,香花,青浦区,香花桥街道,425.5000007748604,245.0,90
QX098809,F1赛场,嘉定区,安亭镇,480.1000006943941,206.0,86
QX099102,复兴岛,杨浦区,定海路街道,378.0000028014183,242.0,90
QX098800,江桥,嘉定区,江桥镇,284.70000226795673,183.0,63
QX098909,申龙生态园,奉贤区,青村镇,418.2999990731478,249.0,96
QX099625,康健公园,徐汇区,康健新村街道,702.5999971181154,266.0,98
QX099628,徐家汇公园,徐汇区,徐家汇街道,699.0999967753887,263.0,95
QX099635,延中绿地,静安区,静安寺街道,705.2999995052814,274.0,109
QX098020,城桥镇,崇明县,城桥镇,576.7999982982874,236.0,100
QX098024,上实园区,崇明县,陈家镇,501.3000014871359,244.0,88
QX098208,石湖荡,松江区,石湖荡镇,493.10000282526016,250.0,92
QX098214,农业中心,松江区,车墩镇,641.600000679493,269.0,88
QX098420,华漕农管中心,嘉定区,华漕镇,,,
QX098502,芦潮港,浦东新区,芦潮港镇,445.800001591444,252.0,93
QX098309,罗泾镇政府,宝山区,罗泾镇,572.5999980568886,219.0,88
QX098633,航头下沙学校,浦东新区,航头镇,486.70000426471233,250.0,96
QX098702,华新,青浦区,华新镇,581.2999985069036,285.0,105
QX098801,工业区,嘉定区,外岗镇,602.6999974399805,208.0,80
QX098910,燎原,奉贤区,奉城镇,415.60000072419643,251.0,98
QX099632,蓬莱公园,黄浦区,半淞园街道,627.2000023424625,259.0,95
QX099637,复兴公园,黄浦区,瑞金二路街道,444.9000022560358,195.0,64
QX099640,大宁灵石公园,闸北区,彭浦镇,526.7000017017126,251.0,97
QX098019,庙镇生态园,崇明县,庙镇镇,516.199998319149,212.0,90
QX098021,港沿镇,崇明县,港沿镇,602.4000016450882,201.0,85
QX098205,车墩,松江区,车墩镇,534.9000023007393,282.0,102
QX098251,永丰街道,松江区,永丰街道,549.6000007688999,275.0,107
QX098254,泰晤士小镇,松江区,方松街道,491.9999991208315,271.0,101
QX098618,老港垃圾站,浦东新区,祝桥镇,472.20000027120113,222.0,96
QX098821,嘉定镇,嘉定区,嘉定镇街道,875.8999996781349,238.0,90
QX099151,横沙海事局,崇明县,横沙乡,407.50000190734863,199.0,73
QX099502,石洞口,<Null>,月浦镇,459.49999886751175,179.0,71
QX098421,旗忠村,闵行区,马桥镇,521.600001603365,250.0,99
QX098505,新场中学,浦东新区,新场镇,432.2999996691942,256.0,89
QX098506,雷达站,浦东新区,老港镇,398.8999992161989,209.0,86
QX098606,防汛前线,浦东新区,曹路镇,534.7999977618456,241.0,95
QX098906,四团中学,奉贤区,大团镇,479.1000027060509,238.0,98
QX099603,黄兴绿地,杨浦区,延吉新村街道,439.200002387166,171.0,67
QX099638,和平公园,虹口区,嘉兴路街道,563.799998536706,236.0,91
QX098018,堡镇,崇明县,堡镇镇,612.29999743402,222.0,101
QX098023,三星镇,崇明县,三星镇,524.2999997586012,216.0,88
QX098202,小昆山,松江区,小昆山镇,444.4999988377094,268.0,93
QX098204,新桥,松江区,新桥镇,489.2999997586012,255.0,99
QP013317,集镇圩,无,无,175.0,153.0,68
QP013318,叙中圩,无,无,96.5,118.0,57
QP013321,天心圩,无,无,113.0,135.0,54
QP013329,西南圩,无,无,133.5,142.0,66
QX098013,新河,崇明县,新河镇,687.5999975800514,239.0,87
QX098022,新河镇,崇明县,新河镇,622.5999972522259,202.0,76
QX099105,吴泾通海路,闵行区,浦江镇,452.40000024437904,244.0,85
QX099643,曲阳公园,虹口区,曲阳路街道,547.7000021934509,230.0,94
QP013346,河东南圩,无,无,126.0,138.0,66
QP013347,盈湖三岛,无,无,110.0,145.0,67
QX098107,朱泾,金山区,朱泾镇,503.1000008434057,194.0,84
QX098115,枫泾,金山区,枫泾镇,376.9000010639429,229.0,87
QX098215,西部渔村,松江区,小昆山镇,462.0000014603138,266.0,101
QX098401,马桥,闵行区,马桥镇,490.700001090765,266.0,103
QX098617,沧海桑田,浦东新区,老港镇,401.40000265836716,209.0,83
QP013320,江平圩,无,无,113.0,125.0,60
QP013322,葑沃圩,无,无,113.0,146.0,65
QP013341,河东北圩,无,无,135.5,145.0,69
QP013350,朱枫闸,无,无,149.0,145.0,75
QP013351,中千圩,无,无,104.5,139.0,67
QX058362,宝山,宝山区,杨行镇,618.8000018745661,267.0,94
QX058461,青浦,青浦区,夏阳街道,559.9000006765127,267.0,92
QX098005,明珠湖,崇明县,绿化镇,503.0000011026859,239.0,93
QX098213,浦南花卉,松江区,叶榭镇,,,
QX098250,桐泾,松江区,洞泾镇,530.9999991506338,279.0,105
QX098306,月浦农副,宝山区,月浦镇,,,
QX098405,颛桥,闵行区,颛桥镇,541.6000006347895,279.0,105
QX098408,大治河西闸,闵行区,浦江镇,601.4000008255243,235.0,99
QX098423,爱博家园,闵行区,新虹街道,612.4999970793724,201.0,81
QX098425,梅陇水闸,闵行区,梅陇镇,571.7999995052814,271.0,109
QX098603,三甲港,浦东新区,合庆镇,439.2999977916479,214.0,81
QX098607,三林,浦东新区,三林镇,607.2999987155199,258.0,98
QX098630,桂家村,浦东新区,高行镇,605.50000166893,247.0,89
QX098920,五四农场,奉贤区,海湾镇,449.90000231564045,249.0,92
QX099641,四平科技公园,杨浦区,五角场街道,650.200000166893,266.0,99
QX099663,曹杨公园,普陀区,曹杨新村街道,638.2999988794327,250.0,93
QP013323,万隆圩,无,无,99.0,123.0,60
QP013335,夏阳片圩,无,无,154.0,158.0,71
QP013340,胜利圩,无,无,110.5,140.0,71
QP013342,出口加工区,无,无,124.5,141.0,56
QX058369,南汇,浦东新区,惠南镇,488.4000009447336,268.0,84
QX098216,泖港,松江区,泖港镇,543.2000032514334,222.0,97
QX098416,浦江三小,闵行区,浦江镇,499.79999999701977,225.0,83
QX098424,古美街道,闵行区,古美街道,588.7000012546778,283.0,104
QX098511,宣桥,浦东新区,宣桥镇,382.6000003516674,235.0,91
QX098610,绿川学校,浦东新区,北蔡镇,653.4000046998262,267.0,101
QX098615,大团,浦东新区,大团镇,485.8000003993511,243.0,89
QX098634,外高桥二期,浦东新区,高桥镇,574.2999993264675,237.0,93
QX098701,练塘,青浦区,练塘镇,478.6000035703182,282.0,99
QX099645,甘泉公园,普陀区,甘泉路街道,605.3000013977289,253.0,103
QX099664,天山公园,长宁区,天山路街道,712.2000017166138,270.0,102
QX098507,光明中学,浦东新区,祝桥镇,438.9999992400408,226.0,84
QX098810,外岗,嘉定区,外岗镇,542.2999994158745,224.0,90
QX099647,长风公园,普陀区,长风新村街道,697.100001886487,283.0,104
QX099630,闸北公园,闸北区,共和新路街道,700.5000023841858,273.0,108
QX099642,淮海公园,黄浦区,淮海中路街道,841.4999970644712,293.0,106
QX098415,浦江二小,闵行区,浦江镇,627.5999994128942,275.0,102
QX099101,吴淞,宝山区,吴淞街道,513.6999999284744,208.0,77
QX099671,新江湾城街道,杨浦区,新江湾城街道,579.8000020235777,244.0,85
QX098814,马桥北管村,嘉定区,马陆镇,506.40000243484974,228.0,79
QX098503,周浦,浦东新区,周浦镇,569.0999990999699,258.0,97
QX098504,滴水湖入海闸,浦东新区,申港街道,391.49999921023846,249.0,120
QX098601,川沙,浦东新区,川沙镇,499.7000021934509,254.0,92
QX098705,现代农业园区,青浦区,练塘镇,497.8000004738569,277.0,101
QX099626,上海动物园,长宁区,程家桥街道,667.5000017285347,275.0,97
QX058361,闵行,闵行区,莘庄镇,521.7999981343746,256.0,94
QX058365,嘉定,嘉定区,嘉定镇街道,597.2000005245209,249.0,82
QX058463,奉贤,奉贤区,南桥镇,520.3999995142221,296.0,84
QX098302,庙行,宝山区,庙行镇,,,
QX098602,凌桥,浦东新区,高桥镇,542.3000017404556,236.0,90
TH001115,平望,江苏省,江苏苏州,377.5,234.0,93
TH002104,陈墅,江苏省,江苏无锡,610.2000006139278,333.0,105
QX099631,三泉公园,闸北区,彭浦新村街道,614.0999993532896,268.0,96
QX058460,金山,金山区,朱泾镇,535.1000003814697,276.0,93
QX058462,松江,松江区,方松街道,518.6000025272369,280.0,105
QX098113,干巷,金山区,吕巷镇,474.1999990642071,255.0,96
QX098206,新浜,松江区,新浜镇,477.39999973773956,276.0,99
QX098407,七宝,闵行区,七宝镇,616.6999993920326,251.0,97
QX098017,崇启大桥沪苏收费站,<Null>,垦区,649.5999995321035,208.0,84
QX098409,虹桥,闵行区,虹桥镇,600.0999976843596,254.0,103
QX098515,祝桥,浦东新区,祝桥镇,445.79999853670597,234.0,98
QX098614,曹路,浦东新区,曹路镇,600.9000001400709,262.0,95
QX098624,薛家泓泵站,浦东新区,川沙镇,386.8000003397465,242.0,89
QX098913,新寺,奉贤区,柘林镇,430.0000012665987,273.0,110
QX099644,中山公园,长宁区,华阳路街道,697.2000000923872,268.0,91
QX098710,淀峰,青浦区,朱家角镇,393.1999992579222,248.0,90
QX098717,赵屯,青浦区,白鹤镇,454.00000193715096,250.0,92
QX098816,南翔,嘉定区,南翔镇,543.4999981671572,247.0,86
QP013331,港南圩,无,无,81.5,102.0,56
QP013333,港北圩,无,无,82.0,125.0,55
QP013334,小汶港水闸,无,无,131.5,162.0,71
QP013328,太北片圩,无,无,97.0,117.0,62
QP013324,保卫圩,无,无,110.0,136.0,64
QP013339,朝阳（香花桥）圩,无,无,101.5,117.0,64
QP013343,钱家泾圩,无,无,87.5,128.0,61
QP013336,塘郁北圩,无,无,130.0,138.0,58
QP013338,石浦圩,无,无,100.5,135.0,65
QP013316,杨树园圩,无,无,123.5,137.0,55
QP013330,东片圩,无,无,91.5,125.0,55
QP013325,朱泖河水闸,无,无,110.5,137.0,62
QP013345,曹泾圩,无,无,121.0,122.0,62
QP013319,重联圩,无,无,117.5,149.0,60
QP013327,太南片圩,无,无,97.0,131.0,58
QP013348,徐泾闸,无,无,118.5,152.0,54
QP013365,胥沟圩,无,无,116.5,130.0,57
QX098804,黄渡,嘉定区,安亭镇,596.8999994397163,254.0,89
TH002212,仙蠡桥,<Null>,江苏无锡,485.80000130832195,206.0,77
TH002102,无锡,<Null>,江苏无锡,625.7999996840954,325.0,102
TH002107,犊山口,<Null>,江苏无锡,545.8000000864267,354.0,118
QX098902,化工分区,奉贤区,柁林镇,432.80000177025795,242.0,96
QX098311,罗店度假村,宝山区,罗店镇,580.2999986857176,250.0,72
QX098000,跃进农场,崇明县,新海镇,577.5000016838312,226.0,98
QX098301,宝山防汛办,宝山区,友谊路街道,626.2999986410141,242.0,83
QX098622,外高桥,浦东新区,高桥镇,547.6000006347895,242.0,96
QX098714,赵巷,青浦区,赵巷镇,418.70000091195107,243.0,81
TH001219,昆山,江苏省,江苏苏州,561.4000014811754,283.0,96
QX098304,凇南公园,宝山区,淞南镇,,,
QX098422,梅陇排灌站,闵行区,梅陇镇,584.1000002622604,252.0,96
QX098608,陆家嘴,浦东新区,陆家嘴街道,646.1000005304813,256.0,99
QX098625,合庆,浦东新区,合庆镇,556.0999993979931,258.0,99
QX098631,王港,浦东新区,唐镇,580.600001975894,271.0,106
QX098001,侯家镇,崇明县,侯家镇,687.6000007688999,234.0,88
QX098308,农科站,宝山区,罗店镇,,,
QX098803,浏河,嘉定区,华亭镇,513.3999989032745,230.0,88
QX0A5613,国家会展中心,无,无,643.7000012546778,266.0,99
QX098402,华漕,闵行区,新虹街道,586.1000008583069,315.0,110
QX098623,西沟,浦东新区,沪东新村街道,578.3000008761883,243.0,91
QX098612,临空大观园,浦东新区,川沙新镇,397.80000092089176,251.0,85
QX098404,曹家港水闸,闵行区,吴泾镇,545.1000030040741,265.0,96
QX098411,交大,闵行区,江川路街道,465.30000035464764,280.0,109
QX098417,旗忠网球馆,闵行区,马桥镇,488.10000145435333,260.0,98
QX098501,书院镇,浦东新区,书院镇,381.700002014637,221.0,85
QX098514,万祥,浦东新区,万祥镇,230.09999965131283,151.0,63
QP013349,庙泾闸,无,无,96.5,125.0,47
QX098616,东方体育中心,浦东新区,三林镇,620.2999985963106,259.0,105
QX058370,浦东,浦东新区,花木街道,573.7000011503696,277.0,102
QX098917,金汇港北闸,奉贤区,南桥镇,583.8000009506941,246.0,100
QX099639,鲁迅公园,虹口区,欧阳路街道,591.6000014841557,227.0,89
QX098209,泗泾,松江区,泗泾镇,445.9999987781048,242.0,93
QX098900,邬桥,奉贤区,庄行镇,506.10000072419643,242.0,99
QX099119,九段沙,九段沙,九段沙岛,109.5000000745058,110.0,26
QX098700,商塌,青浦区,朱家角镇,438.09999990463257,247.0,86
QX098912,庄行,奉贤区,庄行镇,506.9000004082918,264.0,94
QX099634,静安公园,静安区,静安寺街道,382.0000009685755,138.0,43
QX098253,松江工业区,松江区,中山街道,531.9999988824129,231.0,96
QX098905,奉城政府,奉贤区,奉城镇,453.6999998241663,249.0,105
TH001201,浏河闸,江苏省,江苏苏州,539.0,227.0,90
TH002105,青阳,<Null>,江苏无锡,606.1999986469746,328.0,106
TH002208,大浦口,<Null>,江苏无锡,497.79999972879887,326.0,105
TH002209,宜兴,<Null>,江苏无锡,505.7999995201826,332.0,102
TH002210,江阴,<Null>,江苏无锡,445.99999986588955,273.0,110
TH002101,定波闸,<Null>,江苏无锡,422.6000008583069,306.0,114
TH001206,湘城,江苏省,江苏苏州,679.5,236.0,103
QX098613,海通国际,浦东新区,高东镇,541.6999981552362,247.0,102
QX099646,长寿公园,普陀区,长寿路街道,624.4000038355589,272.0,97
TH001102,瓜泾口,江苏省,江苏苏州,422.0,230.0,101
TH001203,望虞闸,江苏省,江苏苏州,538.0,246.0,90
QP013337,新建圩,无,无,76.0,148.0,50
TH002103,甘露,江苏省,江苏无锡,574.80000205338,297.0,101
QX058367,徐家汇,徐汇区,徐家汇街道,223.70000052452087,188.0,28
QX058474,洋山,小洋山,洋山港,571.8999996334314,282.0,100
TH001114,太浦闸,江苏省,江苏苏州,308.0,184.0,50
QX098312,上大附中,宝山区,吴淞街道,555.8999993503094,257.0,83
QX058366,崇明,崇明县,城桥镇,586.5999990701675,318.0,85
TH007024,嘉定,无,无,271.5,172.0,34
TH007021,外高桥,无,无,325.0,189.0,36
TH007004,金泽,无,无,248.0,160.0,33
TH007006,练塘,无,无,256.5,172.0,36
TH007014,青浦,无,无,283.0,172.0,32
TH007035,洙泾,无,无,325.5,179.0,32
TH007038,金山嘴,无,无,346.5,186.0,35
TH007042,惠南,无,无,209.5,104.0,25
QP013326,复兴圩,无,无,111.5,60.0,30
TH007036,邱移庙,无,无,343.5,136.0,24
TH002106,洛社,<Null>,江苏无锡,0.20000000298023224,17.0,1
TH003318,德清大闸,<Null>,江苏常州,,,
TH002211,横山水库,<Null>,无,,,
TH002303,新河闸,<Null>,江苏无锡,,,
PS000193,成都北,黄浦区,石门二路街道,450.50000040233135,163.0,60
PS000217,四平,杨浦区,五角场街道,385.5000009685755,148.0,51
PS000370,月罗,宝山区,月浦镇,339.19999973475933,155.0,57
PS000323,B站,长宁区,新泾镇,405.9000009596348,182.0,67
PS000311,民星北,杨浦区,殷行街道,304.2000003606081,123.0,40
QX098414,体育公园,闵行区,七宝镇,183.1000009328127,116.0,37
TH006108,欤城,浙江省,浙江嘉兴,18.5,28.0,6
